key,key:maintenance-record,key:task
# maintenance-record-49
involves-49.28,maintenance-record-49,task-28
involves-49.29,maintenance-record-49,task-29
involves-49.30,maintenance-record-49,task-30
involves-49.31,maintenance-record-49,task-31
involves-49.32,maintenance-record-49,task-32
# maintenance-record-50
involves-50.33,maintenance-record-50,task-33
involves-50.34,maintenance-record-50,task-34
involves-50.35,maintenance-record-50,task-35
involves-50.36,maintenance-record-50,task-36
# maintenance-record-51
involves-51.37,maintenance-record-51,task-37
involves-51.38,maintenance-record-51,task-38
involves-51.39,maintenance-record-51,task-39
# maintenance-record-52
involves-52.40,maintenance-record-52,task-40
involves-52.41,maintenance-record-52,task-41
# maintenance-record-53
involves-53.42,maintenance-record-53,task-42